{
  "project_info": {
    "project_number": "1085446235857",
    "firebase_url": "https://lsitnew-default-rtdb.firebaseio.com",
    "project_id": "lsitnew",
    "storage_bucket": "lsitnew.appspot.com"
  },
  "client": [
    {
      "client_info": {
        "mobilesdk_app_id": "1:1085446235857:android:c846263a906eb72fc6c7f0",
        "android_client_info": {
          "package_name": "com.example.lsit_new"
        }
      },
      "oauth_client": [
        {
          "client_id": "1085446235857-u5dqo7mvf9uei22uj115th9tmc1g51f8.apps.googleusercontent.com",
          "client_type": 1,
          "android_info": {
            "package_name": "com.example.lsit_new",
            "certificate_hash": "cc7caa2ab8eb81362ea84dc597d6dbc591ec6d43"
          }
        },
        {
          "client_id": "1085446235857-7jnlsso26ink148e8cigcu30afnacb72.apps.googleusercontent.com",
          "client_type": 3
        }
      ],
      "api_key": [
        {
          "current_key": "AIzaSyAPpjZqBtLXC6n71QccoaBtttkag9AHL6s"
        }
      ],
      "services": {
        "appinvite_service": {
          "other_platform_oauth_client": [
            {
              "client_id": "1085446235857-7jnlsso26ink148e8cigcu30afnacb72.apps.googleusercontent.com",
              "client_type": 3
            }
          ]
        }
      }
    }
  ],
  "configuration_version": "1"
}